sentiment,coin_std,trades,notional_sum,r_mean,pnl_mean,winrate
Extreme Fear,@107,67,136660.73,0.011029213422009177,14.373521537313433,0.3283582089552239
Extreme Fear,@4,28,4495.46,0.12443324183097523,23.178014714285716,0.5357142857142857
Extreme Fear,@49,4,459.28,-0.06666370935995378,-10.178054249999999,0.0
Extreme Fear,@8,2,499.98,0.0,0.0,0.0
Extreme Fear,AAVE,3,1691.0100000000002,0.020977957976459915,18.182371999999997,0.6666666666666666
Extreme Fear,ADA,5,1440.01,0.0,0.0,0.0
Extreme Fear,AI,6,2981.58,0.009027683399104708,4.986738666666667,0.5
Extreme Fear,AI16Z,29,8909.8,0.039521830426011643,17.22449568965517,0.4482758620689655
Extreme Fear,AIXBT,5,753.06,0.1167951057023795,14.264576,0.6
Extreme Fear,ALGO,1,221.89,0.0,0.0,0.0
Extreme Fear,APE,10,2386.56,0.0,0.0,0.0
Extreme Fear,APT,1,221.97,0.0,0.0,0.0
Extreme Fear,ARB,1,110.97,0.0,0.0,0.0
Extreme Fear,AVAX,2,221.8,0.0,0.0,0.0
Extreme Fear,BADGER,10,4247.7,0.004962052389669494,2.2546093,0.6
Extreme Fear,BIO,2,504.01,0.0,0.0,0.0
Extreme Fear,BLAST,1,221.99,0.0,0.0,0.0
Extreme Fear,BLUR,1,221.9,0.0,0.0,0.0
Extreme Fear,BNB,1,221.98,0.0,0.0,0.0
Extreme Fear,BOME,2,221.98000000000002,0.0,0.0,0.0
Extreme Fear,BRETT,3,221.81,0.0,0.0,0.0
Extreme Fear,BTC,145,2130635.91,0.0023925038983153082,39.15642580689655,0.27586206896551724
Extreme Fear,CHILLGUY,1,221.92,0.0,0.0,0.0
Extreme Fear,CRV,36,12007.44,-0.0017379350665798691,0.49236022222222203,0.1388888888888889
Extreme Fear,DOGE,1,221.85,0.0,0.0,0.0
Extreme Fear,DYM,2,221.88,0.0,0.0,0.0
Extreme Fear,EIGEN,1,221.97,0.0,0.0,0.0
Extreme Fear,ENA,61,111918.4,0.0,0.0,0.0
Extreme Fear,ETH,166,760274.54,3.741913322522584e-05,0.02002821686746988,0.006024096385542169
Extreme Fear,FARTCOIN,31,92228.12,-0.014369651502346592,-180.86636841935487,0.1935483870967742
Extreme Fear,FTT,12,3893.19,0.013448403049426084,0.8178201666666668,0.3333333333333333
Extreme Fear,GALA,6,554.72,0.0,0.0,0.0
Extreme Fear,GMT,1,221.92,0.0,0.0,0.0
Extreme Fear,GOAT,1,840.15,0.12201073617806345,102.50732,1.0
Extreme Fear,GRASS,20,5045.73,0.005986952611871723,2.2363831000000003,0.25
Extreme Fear,HBAR,2,271.71999999999997,0.0,0.0,0.0
Extreme Fear,HPOS,2,219.68,0.0,0.0,0.0
Extreme Fear,HYPE,1310,5032909.88,0.00048287924460625265,1.0374943465648856,0.38549618320610685
Extreme Fear,ILV,1,221.7,0.0,0.0,0.0
Extreme Fear,IMX,2,221.85000000000002,0.0,0.0,0.0
Extreme Fear,IO,3,249.7,0.0023635468123263275,0.19453333333333334,1.0
Extreme Fear,JUP,12,4124.07,0.001559871850773742,1.7732933333333332,0.16666666666666666
Extreme Fear,LINK,2,534.09,0.0,0.0,0.0
Extreme Fear,MELANIA,27,89999.91,0.0,0.0,0.0
Extreme Fear,MEW,1,222.03,0.0,0.0,0.0
Extreme Fear,MOODENG,3,221.79000000000002,0.0,0.0,0.0
Extreme Fear,NEAR,1,221.88,0.0,0.0,0.0
Extreme Fear,NEIROETH,1,221.93,0.0,0.0,0.0
Extreme Fear,OP,1,110.89,0.0,0.0,0.0
Extreme Fear,PENDLE,18,5137.97,0.009208932430104285,2.8354831666666667,0.2222222222222222
Extreme Fear,PENGU,11,1764.92,0.021880043252400314,2.7140675454545455,1.0
Extreme Fear,PNUT,1,221.94,0.0,0.0,0.0
Extreme Fear,POPCAT,1,221.24,0.0,0.0,0.0
Extreme Fear,PURR,33,2491.67,-0.010273815555462877,-0.6542308484848485,0.0
Extreme Fear,PURR/USDC,20,10290.39,0.0,0.0,0.0
Extreme Fear,RSR,26,19222.63,0.010983744634723317,6.158762153846154,0.7307692307692307
Extreme Fear,SAND,3,997.98,0.0,0.0,0.0
Extreme Fear,SOL,101,1065819.08,0.0004245042931624412,1.6599264257425743,0.04950495049504951
Extreme Fear,SUI,8,3941.37,0.0012968845682792406,0.46591875,0.125
Extreme Fear,SUPER,3,221.36,0.0,0.0,0.0
Extreme Fear,SUSHI,1,221.88,0.0,0.0,0.0
Extreme Fear,TAO,1,221.54,0.0,0.0,0.0
Extreme Fear,TIA,1,110.84,0.0,0.0,0.0
Extreme Fear,UNI,1,109.82,0.0,0.0,0.0
Extreme Fear,VIRTUAL,5,1124.6499999999999,0.04960729094805329,22.392653,0.4
Extreme Fear,W,1,221.99,0.0,0.0,0.0
Extreme Fear,WIF,1,109.0,0.0,0.0,0.0
Extreme Fear,WLD,5,443.59000000000003,0.0,0.0,0.0
Extreme Fear,XRP,15,39502.16,0.00024857337133652005,1.5871336,0.2
Extreme Fear,YGG,1,221.77,0.0,0.0,0.0
Extreme Fear,ZEREBRO,1,221.15,0.0,0.0,0.0
Extreme Fear,ZETA,1,221.97,0.0,0.0,0.0
Extreme Fear,ZRO,1,221.95,0.0,0.0,0.0
Extreme Fear,kBONK,7,1221.05,0.0,0.0,0.0
Extreme Fear,kPEPE,23,10561.800000000001,-0.000133338229273218,-0.24755739130434784,0.0
Extreme Greed,@107,2395,3900463.27,0.3068834385637347,495.65087032317325,0.85678496868476
Extreme Greed,@11,1,0.61,0.0,0.0,0.0
Extreme Greed,@14,16,848.44,0.0,0.0,0.0
Extreme Greed,@20,4,60.0,0.0,0.0,0.0
Extreme Greed,@3,1,24.99,0.0,0.0,0.0
Extreme Greed,@38,1,0.73,0.0,0.0,0.0
Extreme Greed,@4,79,8949.64,-0.1259255326648561,-12.607399835443038,0.08860759493670886
Extreme Greed,@41,1,0.34,0.0,0.0,0.0
Extreme Greed,@44,1,0.65,0.0,0.0,0.0
Extreme Greed,@45,1,0.54,0.0,0.0,0.0
Extreme Greed,@46,2,0.04,0.0,0.0,0.0
Extreme Greed,@74,1,300.5,0.9981430582362728,299.941989,1.0
Extreme Greed,@8,40,5931.24,0.0,0.0,0.0
Extreme Greed,AAVE,102,477609.71,0.016506949064790544,85.3615937254902,0.4803921568627451
Extreme Greed,ADA,9,39410.439999999995,0.007464246955847665,83.74596844444444,0.3333333333333333
Extreme Greed,APE,45,94369.95,0.0147828853759828,46.058381777777775,0.37777777777777777
Extreme Greed,AR,6,5368.89,0.041282741815809126,21.628553333333333,0.8333333333333334
Extreme Greed,ATOM,3,399.92,0.0,0.0,0.0
Extreme Greed,AVAX,6,467.27,0.004719030594486189,0.20867033333333332,0.3333333333333333
Extreme Greed,BANANA,3,284.87,-0.1264985792207742,-11.961329333333333,0.0
Extreme Greed,BLAST,4,528.43,0.2405242338626266,33.99725425,1.0
Extreme Greed,BNB,6,6645.67,0.0013847919084617995,2.4046083333333335,0.3333333333333333
Extreme Greed,BRETT,43,62194.57,-0.016148743401305194,-20.326258813953487,0.0
Extreme Greed,BTC,319,4619686.19,0.002710898648525176,41.561424090909085,0.31974921630094044
Extreme Greed,CHILLGUY,10,1023.54,0.03450116360669559,2.1008012000000003,0.4
Extreme Greed,CRV,13,78804.88,-0.005502014190306199,-92.27877123076922,0.0
Extreme Greed,DOGE,24,65179.63,0.012797032728846918,28.341659125000003,0.5416666666666666
Extreme Greed,DOT,13,1265.18,0.00867967430225464,0.47231100000000004,0.5384615384615384
Extreme Greed,EIGEN,26,27242.12,0.0192427630403807,10.962353423076923,0.4230769230769231
Extreme Greed,ENA,23,16517.64,0.002184742815231503,0.10147230434782609,0.08695652173913043
Extreme Greed,ETH,613,6023450.68,-0.011888558560573135,-170.17848374388254,0.15171288743882544
Extreme Greed,ETHFI,17,21075.579999999998,0.05518163566508803,83.0773325882353,0.5294117647058824
Extreme Greed,FET,2,981.4300000000001,0.017683174682179226,8.52665,0.5
Extreme Greed,FTT,226,50745.17,0.0050783676460734095,1.699782796460177,0.3230088495575221
Extreme Greed,FXS,14,40965.18,-0.0015580413881427584,-4.6026682857142855,0.0
Extreme Greed,GMX,57,31000.71,0.0025101465324272516,1.0851810175438596,0.45614035087719296
Extreme Greed,GOAT,68,355188.0,0.026781943436428597,113.45349755882353,0.6323529411764706
Extreme Greed,GRASS,2,1307.77,0.10139708465161501,66.243695,1.0
Extreme Greed,HBAR,52,17970.54,0.015020347964053703,12.259251153846153,0.21153846153846154
Extreme Greed,HPOS,8,1499.99,0.0,0.0,0.0
Extreme Greed,HYPE,108,42333.79,0.006567611141162283,3.117699398148148,0.21296296296296297
Extreme Greed,IMX,3,389.56,0.011714097795088899,0.436037,0.6666666666666666
Extreme Greed,INJ,19,7309.38,0.011943716682574563,1.6588588421052632,0.47368421052631576
Extreme Greed,IO,58,32190.02,0.0016097104918763342,-0.561392603448276,0.15517241379310345
Extreme Greed,JUP,35,80856.37,0.019916295217775007,24.34301142857143,0.9428571428571428
Extreme Greed,LDO,14,3320.85,0.002220300927592356,0.8279569285714284,0.14285714285714285
Extreme Greed,LINK,27,53529.29,0.0008630309645203658,5.57405388888889,0.14814814814814814
Extreme Greed,LTC,2,74.15,0.0,0.0,0.0
Extreme Greed,MANTA,2,174.9,0.0,0.0,0.0
Extreme Greed,MATIC,10,51398.95,0.0007402507154513568,4.8144522,0.4
Extreme Greed,MAV,2,21.049999999999997,0.0008974358974358975,0.00945,0.5
Extreme Greed,ME,10,82767.39,0.0525503233985942,276.702671,0.8
Extreme Greed,MEME,41,62145.840000000004,0.02855810205790171,62.15541551219513,0.4634146341463415
Extreme Greed,MOODENG,60,99536.58,0.0023273842269366895,2.1463252,0.25
Extreme Greed,NEAR,2,770.3299999999999,0.016065500063865118,6.28884,0.5
Extreme Greed,NTRN,1,1999.4,0.0,0.0,0.0
Extreme Greed,ORDI,5,1104.87,0.0033353128985234757,0.9154823999999999,0.4
Extreme Greed,PENDLE,2,6887.91,0.018074671760731038,63.3942,0.5
Extreme Greed,PNUT,19,124463.01000000001,0.06690380486950769,449.7202894736842,0.5263157894736842
Extreme Greed,PURR,12,124623.37,-0.0019657998287675366,92.57399725,0.3333333333333333
Extreme Greed,PURR/USDC,115,25422.86,0.1434687278803244,36.90202229565217,0.6
Extreme Greed,RNDR,34,16601.7,0.00222077873605873,1.1054079411764706,0.5882352941176471
Extreme Greed,RUNE,11,20223.86,0.008194368444955172,16.494624454545455,0.45454545454545453
Extreme Greed,SAND,6,3466.01,0.006735103688450085,5.678755666666667,0.3333333333333333
Extreme Greed,SOL,31,254970.76,0.008739072840024963,39.156017548387105,0.41935483870967744
Extreme Greed,STRK,8,749.75,0.02082192490056887,1.0111153750000001,0.5
Extreme Greed,SUI,36,43110.42,0.0077427209917917085,20.0807775,0.3333333333333333
Extreme Greed,SUSHI,41,17575.24,0.008827644802417262,0.42647273170731725,0.14634146341463414
Extreme Greed,TAO,1,52.96,0.1794613859516616,9.504275,1.0
Extreme Greed,TIA,10,30249.56,0.0077579828255403575,37.3544,0.2
Extreme Greed,TNSR,187,99538.09,0.00911104854542912,3.3457289304812834,0.47058823529411764
Extreme Greed,TRX,71,68222.84,0.0007640887603492607,1.9925196338028166,0.08450704225352113
Extreme Greed,TURBO,29,116391.15,0.049758398738836945,258.32658,0.5862068965517241
Extreme Greed,UNI,5,2987.99,0.0022553984219849687,1.6169166000000001,0.4
Extreme Greed,W,36,14311.14,0.006704511507397408,3.1505485,0.4444444444444444
Extreme Greed,WIF,37,76181.55,0.0543781885328638,60.77297940540541,0.9459459459459459
Extreme Greed,WLD,79,210879.98,0.015506844469255949,63.47915875949367,0.6455696202531646
Extreme Greed,XAI,4,2049.58,0.017772440297014778,6.143474250000001,0.75
Extreme Greed,XRP,59,52180.26,0.004185324594636552,-1.1862653728813561,0.2542372881355932
Extreme Greed,YGG,4,996.62,0.0009987794578943136,0.496713,0.25
Extreme Greed,ZETA,5,309.46,-0.034300288508102066,-2.772696,0.0
Extreme Greed,ZK,4,304.53999999999996,0.0,0.0,0.0
Extreme Greed,kBONK,46,89096.41,0.028722527683028423,43.154500282608694,0.717391304347826
Extreme Greed,kPEPE,63,330277.44,-0.018186561158395478,-7.064131285714287,0.30158730158730157
Extreme Greed,kSHIB,10,13948.15,-0.005967374064610743,-3.9824881999999997,0.4
Fear,@1,2,50.12,0.1748990411788454,8.6644985,0.5
Fear,@10,1,0.0,,0.0,0.0
Fear,@107,1456,2499445.94,0.02211271163176353,45.982377657967035,0.3557692307692308
Fear,@13,1,0.0,,0.0,0.0
Fear,@142,12,78562.57,0.004010526974620573,6.981712166666667,0.3333333333333333
Fear,@16,1,0.0,,0.0,0.0
Fear,@23,9,1519.71,0.0,0.0,0.0
Fear,@26,1,0.0,,0.0,0.0
Fear,@29,1,0.0,,0.0,0.0
Fear,@35,1,0.0,,0.0,0.0
Fear,@37,1,10.89,0.9345307621671257,10.17704,1.0
Fear,@38,1,0.04,0.0,0.0,0.0
Fear,@39,1,0.0,,0.0,0.0
Fear,@4,47,3838.56,0.060426723506548104,3.8766519574468083,0.3404255319148936
Fear,@40,1,0.0,,0.0,0.0
Fear,@41,1,0.0,,0.0,0.0
Fear,@44,1,0.12,0.0,0.0,0.0
Fear,@47,1,0.0,,0.0,0.0
Fear,@49,1,500.0,0.0,0.0,0.0
Fear,@51,20,2275.37,0.0,0.0,0.0
Fear,@59,13,6257.6,0.0,0.0,0.0
Fear,@74,2,0.6,0.0,0.0,0.0
Fear,@78,3,1505.09,0.0,0.0,0.0
Fear,@8,20,7019.64,0.03725491412748908,5.5872414500000005,0.25
Fear,@85,41,6595.51,0.0,0.0,0.0
Fear,AAVE,37,79955.67,0.004943792410722229,9.362390486486486,0.24324324324324326
Fear,ADA,97,186201.66,0.01852802743622634,38.6411216701031,0.5567010309278351
Fear,AI16Z,23,14159.18,0.03132725677242951,14.227716608695653,0.5652173913043478
Fear,AIXBT,48,142386.99,0.023569610454891473,11.057061875,0.625
Fear,APE,9,4580.17,0.009085489911061059,3.112671111111111,0.3333333333333333
Fear,APT,5,5050.0,0.13348512133563661,134.82,1.0
Fear,ARB,58,79842.4,0.0038803080091378544,6.306102017241379,0.22413793103448276
Fear,ATOM,8,1339.73,0.002240206841531752,0.388981625,0.5
Fear,AVAX,21,2659.77,0.017850744637083197,2.1558322857142858,0.5714285714285714
Fear,BIO,8,446.84999999999997,0.08053358847699632,4.513222,0.875
Fear,BLAST,42,18919.14,0.01000933503536818,7.198419095238095,0.2857142857142857
Fear,BLUR,6,50129.39,0.00251990926713767,21.073916,0.5
Fear,BNB,5,2063.76,-0.0029988423401506635,-1.7873999999999999,0.0
Fear,BRETT,1,54.96,0.12597936681222707,6.923826,1.0
Fear,BTC,988,15801881.790000001,0.002713942180935433,54.15769057692307,0.3188259109311741
Fear,CHILLGUY,12,5321.32,0.08495466859596713,41.275930249999995,0.75
Fear,CRV,32,7328.87,0.028990998600419978,4.542741125,0.59375
Fear,DOGE,72,361506.54,0.0025993645922727706,27.00480027777778,0.06944444444444445
Fear,DOT,11,1532.89,0.03952029947309565,2.408776181818182,0.8181818181818182
Fear,DYDX,51,182635.31,0.0062258598784806374,8.084819176470589,0.3137254901960784
Fear,EIGEN,31,15281.37,0.039552997661229904,8.487547935483871,0.41935483870967744
Fear,ENA,99,293208.44,0.4987769536771821,1616.4781267171716,0.7777777777777778
Fear,ENS,4,20014.59,-0.00030930406190181234,-1.7803399999999998,0.0
Fear,ETH,2226,34665741.58,0.016606733345473836,137.00238786118598,0.367026055705301
Fear,ETHFI,12,14719.75,0.022171178127446,22.851355666666667,0.5833333333333334
Fear,FARTCOIN,93,66055.41,0.013245942203549431,7.509328741935484,0.22580645161290322
Fear,FTT,118,34850.32,0.0198278117455701,4.869065567796611,0.3728813559322034
Fear,GRASS,39,37399.060000000005,-0.004350103827602114,-16.066680717948717,0.3333333333333333
Fear,GRIFFAIN,102,89871.36,0.024256378253756712,14.29189306862745,0.7156862745098039
Fear,HBAR,30,19487.08,0.009782106511280109,6.740319866666667,0.3333333333333333
Fear,HYPE,4165,9872958.5,0.016896193189585455,59.81388927154862,0.32797118847539014
Fear,ILV,18,41598.4,-0.012601220080747249,-15.503822222222222,0.0
Fear,IMX,16,1173.26,0.02047726025012505,1.07950175,0.5625
Fear,INJ,22,2314.56,0.023651023450485694,1.485550181818182,0.7272727272727273
Fear,IO,4,554.71,0.0,0.0,0.0
Fear,IP,39,42680.71,-0.004559266816640446,-14.695970102564102,0.0
Fear,JTO,4,1084.6399999999999,0.01058032688107253,5.619,0.25
Fear,JUP,135,144828.12,0.01246471608416629,12.831471496296297,0.5407407407407407
Fear,KAITO,4,7490.01,0.0,0.0,0.0
Fear,LDO,10,2633.93,0.009233777727158488,1.9189546,0.7
Fear,LINK,51,21584.5,0.015915182312697628,9.856434568627451,0.5294117647058824
Fear,LTC,6,315.98,0.0,0.0,0.0
Fear,MANTA,15,63556.08,0.020270321450298546,81.4507824,0.8666666666666667
Fear,ME,126,44697.4,0.4327365079365079,109.29139152380952,0.7619047619047619
Fear,MELANIA,127,106376.74,0.10036027051782574,92.47889110236221,0.15748031496062992
Fear,MEME,15,12228.119999999999,0.019089304770507378,36.026332000000004,0.13333333333333333
Fear,MERL,2,96.53,-0.03399357326478149,-1.58682,0.0
Fear,NEAR,58,344744.42,0.029311611655442542,89.51634793103449,0.9137931034482759
Fear,NTRN,8,22158.35,0.010134103575647247,23.63072375,0.625
Fear,ONDO,104,82838.35,0.0033936925507851577,8.578899682692308,0.2403846153846154
Fear,OP,26,35915.96,0.0015616909511600276,0.49946,0.038461538461538464
Fear,PENDLE,147,79006.69,0.027091318635664892,14.897283755102041,0.5102040816326531
Fear,PENGU,38,64554.69,0.002550933811200481,2.3176501315789473,0.5263157894736842
Fear,PURR,114,187952.73,0.025599952840722265,29.219232640350878,0.9122807017543859
Fear,PURR/USDC,152,82823.14,0.14396450648812797,37.17418789473684,0.5394736842105263
Fear,RENDER,3,1863.0500000000002,0.003179044065327321,1.7698066666666665,0.6666666666666666
Fear,RNDR,2,2566.9399999999996,0.018931026817611663,23.8459,0.5
Fear,RUNE,20,17365.39,0.031242938431466704,13.916395099999999,0.8
Fear,S,116,169625.18,-0.10472960344033472,-74.50552482758621,0.31896551724137934
Fear,SAND,8,3289.6600000000003,-0.0038692887643018755,-1.8775549999999999,0.0
Fear,SOL,1086,11356439.81,0.06566730026127708,760.9600215939226,0.45119705340699817
Fear,SPX,14,77951.48,0.050302373782266284,146.943567,0.9285714285714286
Fear,STRK,7,579.71,0.024710631336381985,1.9329928571428572,0.7142857142857143
Fear,SUI,131,281555.81,0.005703593451625993,8.619289572519083,0.183206106870229
Fear,SUSHI,13,5175.78,0.047805487455774884,12.422855923076924,0.38461538461538464
Fear,TAO,76,206900.31,0.023924998431279793,60.744572407894736,0.5526315789473685
Fear,TIA,23,50849.909999999996,0.015938823648008884,-14.400045913043481,0.391304347826087
Fear,TNSR,79,41642.98,0.004515835939281341,2.8750875189873417,0.27848101265822783
Fear,TRUMP,2,661.98,0.0055325515690980345,1.82115,0.5
Fear,TURBO,8,3693.16,0.0011761376551080863,0.14074350000000002,0.375
Fear,USUAL,63,73870.87,0.352495671788771,711.2737468095238,0.31746031746031744
Fear,VINE,104,109540.5,0.0009883777219425569,-0.32676517307692293,0.20192307692307693
Fear,VIRTUAL,3,299.88,0.0,0.0,0.0
Fear,VVV,42,120484.09,0.023692706048850848,37.09277323809523,0.9285714285714286
Fear,W,265,142287.01,0.0019023317397820101,0.8213724867924528,0.30943396226415093
Fear,WIF,42,136785.09,0.043533150120232234,37.408035500000004,0.7619047619047619
Fear,WLD,122,240679.99,0.011762781955002567,28.23429263934426,0.39344262295081966
Fear,XAI,4,62948.74,0.02547787240177385,262.4099775,0.75
Fear,XRP,107,98332.39,0.021159020059560184,14.34682678504673,0.6728971962616822
Fear,YGG,14,47516.37,0.0355648220689398,68.48452357142858,0.8571428571428571
Fear,ZEREBRO,57,80719.81,0.01138242713802448,8.423362385964912,0.9649122807017544
Fear,ZK,16,1031.24,0.04316870462639188,1.9065486249999999,0.75
Fear,kBONK,26,61165.55,0.009305600959341319,23.753011346153848,0.46153846153846156
Fear,kPEPE,82,199972.74,0.02187989476813138,40.951040524390244,0.7682926829268293
Fear,kSHIB,1,222.01,0.0,0.0,0.0
Greed,@1,1,106.67,-0.4498242429924065,-47.982752,0.0
Greed,@10,2,37.260000000000005,-0.001502935606060606,-0.031742,0.0
Greed,@103,2,10.05,0.9921316417910447,4.9854615,0.5
Greed,@107,1911,2989706.35,0.0649712736240532,85.77625654788069,0.39717425431711145
Greed,@113,1,15.73,0.985105340114431,15.495707,1.0
Greed,@13,2,52.86,-0.0014957709038182696,-0.061895,0.0
Greed,@14,1,0.84,0.0,0.0,0.0
Greed,@142,149,211652.56,0.002850916400114929,6.9411371543624165,0.4228187919463087
Greed,@16,2,35.86,-0.0011821009389671362,-0.0302145,0.0
Greed,@20,20,506.48,0.009476176,0.23690439999999996,0.1
Greed,@26,8,24.57,-0.010636026761977148,-0.032252249999999996,0.0
Greed,@29,4,23.7,-0.004505735981362902,-0.0195935,0.0
Greed,@3,13,224.92,0.001424282579288522,0.035578,0.15384615384615385
Greed,@33,3,15.14,0.8903126426174497,4.522309666666667,0.6666666666666666
Greed,@35,2,68.21000000000001,0.9827082331083468,33.5140635,1.0
Greed,@38,1,33.36,0.9973619004796164,33.271993,1.0
Greed,@39,1,12.57,0.9736321400159109,12.238556,1.0
Greed,@4,190,22051.6,0.007967710067398244,1.1528842789473683,0.1736842105263158
Greed,@40,1,17.58,0.9526916382252559,16.748319,1.0
Greed,@41,2,37.839999999999996,0.4933983346763363,18.36922,0.5
Greed,@42,1,0.74,0.0,0.0,0.0
Greed,@47,3,51.14,0.6563898747922846,16.771152666666666,0.6666666666666666
Greed,@51,1,12.02,-3.100917637271215,-37.27303,0.0
Greed,@59,2,1504.71,0.0,0.0,0.0
Greed,@63,1,9.91,-2.08512068617558,-20.663546,0.0
Greed,@74,1,12.72,0.9987411163522012,12.703987,1.0
Greed,@8,34,5773.49,0.015070597674414559,1.5165661764705882,0.14705882352941177
Greed,@85,25,21002.66,0.7310633935238209,678.66879056,0.84
Greed,AAVE,28,7200.64,0.008001941094579789,2.365056642857143,0.10714285714285714
Greed,ACE,3,10400.14,0.015415349441161678,39.622400000000006,0.6666666666666666
Greed,ADA,13,1061.35,0.0032479325170542772,0.212203,0.38461538461538464
Greed,AI,7,2386.85,0.007432035402339254,1.6497771428571428,0.42857142857142855
Greed,AI16Z,46,138365.21,0.027886986262351122,48.52401923913043,0.6956521739130435
Greed,AIXBT,47,73376.77,0.03757484734625649,27.785579021276593,0.7872340425531915
Greed,ALT,13,10303.199999999999,0.006885414416730435,17.745261538461538,0.3076923076923077
Greed,ANIME,2,2150.88,0.03408843354263022,35.45163,0.5
Greed,APE,68,51820.49,0.010191344158977987,10.105322397058824,0.3382352941176471
Greed,ARB,4,12381.57,-0.0012696428571428572,-0.00017775,0.0
Greed,ARK,4,276.43,0.09461268448418694,6.53457,1.0
Greed,ATOM,6,344.71999999999997,0.00044294876215433425,0.064232,0.16666666666666666
Greed,AVAX,14,78540.97,0.0,0.0,0.0
Greed,BIGTIME,29,65567.88,0.046010758693593966,54.05952379310345,0.9655172413793104
Greed,BLUR,4,48.870000000000005,-0.0003410825086357001,-0.004164999999999999,0.0
Greed,BNB,6,2371.44,0.0006974950430674114,0.18385966666666664,0.3333333333333333
Greed,BRETT,8,834.28,0.06721654766849011,4.100245,0.5
Greed,BTC,1483,14768952.03,0.0008823022867558691,17.311808204315575,0.27714093054619016
Greed,CAKE,4,660.19,0.24218680373726806,39.9701685,1.0
Greed,CHILLGUY,22,5686.75,0.03222282462208584,1.7672576363636365,0.22727272727272727
Greed,COMP,59,32236.76,0.016191211332465923,22.308836237288133,0.3898305084745763
Greed,CRV,21,8607.58,0.04140253603545994,15.92655380952381,0.5238095238095238
Greed,CYBER,1,691.62,0.2769289494230936,191.5296,1.0
Greed,DOGE,181,768016.11,0.013905369055546894,54.47180214917127,0.5303867403314917
Greed,DOT,27,118432.41,0.003926191240775514,3.690142,0.5185185185185185
Greed,DYM,2,4868.05,0.02783353039292274,65.913975,0.5
Greed,EIGEN,11,7218.21,0.019028303949576,2.1962335454545463,0.6363636363636364
Greed,ENA,17,6270.349999999999,0.00499595110918819,0.5562965294117648,0.35294117647058826
Greed,ETC,2,666.76,0.250050716166642,83.3618,1.0
Greed,ETH,1447,19151601.48,-0.00325730235678491,-111.42257313337942,0.19695922598479612
Greed,ETHFI,31,92565.70999999999,0.06323040304102778,215.1162510967742,0.5161290322580645
Greed,FARTCOIN,271,615329.51,0.01999751725086437,13.614888287822875,0.41697416974169743
Greed,FET,7,6089.68,0.04341372162386773,20.94322857142857,0.8571428571428571
Greed,FTM,23,140671.19,0.046951903567646495,152.17302473913043,0.9130434782608695
Greed,FTT,41,11049.2,0.013174018702146247,3.645416048780488,0.2926829268292683
Greed,FXS,37,14418.89,0.008966442421583048,3.638358972972973,0.5135135135135135
Greed,GALA,1,250.03,0.0,0.0,0.0
Greed,GMT,2,1121.19,0.09747073123611424,60.54297,0.5
Greed,GMX,9,6002.42,0.0010679754826689062,0.47660955555555556,0.4444444444444444
Greed,GOAT,4,942.6700000000001,0.0,0.0,0.0
Greed,GRASS,21,9795.52,0.0,0.0,0.0
Greed,GRIFFAIN,1,1009.77,0.09927512205749825,100.24504,1.0
Greed,HBAR,14,4903.47,0.06831022794672009,45.76746628571429,0.42857142857142855
Greed,HPOS,45,27014.84,-0.03284503025121795,0.9137781111111128,0.28888888888888886
Greed,HYPE,1669,5032107.69,0.04314567284940509,168.30583325104854,0.731575793888556
Greed,IMX,10,2005.6699999999998,0.07210355661875142,43.010226,0.8
Greed,INJ,16,21250.45,0.007508744279751199,19.7715475625,0.3125
Greed,IO,214,185355.48,-0.05720107234247775,-102.23778857943925,0.09813084112149532
Greed,JELLY,74,325865.83999999997,0.028594137938815597,93.2981702972973,0.8243243243243243
Greed,JUP,19,10559.83,0.0007283963688258158,0.8142602105263158,0.10526315789473684
Greed,LDO,13,6146.96,0.0038176317980890035,0.778341230769231,0.23076923076923078
Greed,LINK,34,167752.52,0.010356475546169206,-0.7702414117647056,0.4411764705882353
Greed,LTC,21,1519.82,0.01945443673030451,1.0240274285714286,0.3333333333333333
Greed,MANTA,14,740.02,0.002462906944357094,0.17234285714285713,0.21428571428571427
Greed,MATIC,5,10095.32,0.014963958449819445,19.0622432,0.8
Greed,ME,6,4085.3900000000003,0.13433321036950305,129.324803,0.6666666666666666
Greed,MELANIA,81,103921.27,0.046328686647628,99.3216904691358,0.08641975308641975
Greed,MEME,1,249.9,0.0,0.0,0.0
Greed,MOODENG,30,58795.63,0.24172028285851396,531.6550300666667,0.6333333333333333
Greed,MYRO,13,46780.82,0.002022501477276623,3.9381946153846155,0.9230769230769231
Greed,NEAR,13,110951.56999999999,0.0313887931026281,155.419485,0.8461538461538461
Greed,ONDO,58,154639.07,0.03551339342891979,51.39194451724138,0.9310344827586207
Greed,OP,64,202643.77,0.013221122633289877,37.45262125,0.890625
Greed,ORDI,21,13282.86,0.002278020539540449,1.7094210476190475,0.42857142857142855
Greed,PENDLE,123,93424.78,0.0288979898763028,15.36253925203252,0.5040650406504065
Greed,PENGU,46,15803.9,0.024855321894627757,13.698994173913043,0.30434782608695654
Greed,PEOPLE,1,860.57,0.4190780587285171,360.646005,1.0
Greed,POLYX,14,32669.5,0.03448159852811624,44.15240592857143,0.9285714285714286
Greed,POPCAT,4,965.9,-0.014029515693203076,-3.3748,0.0
Greed,PURR,81,67701.06,0.03188209355427335,13.881734246913581,0.41975308641975306
Greed,PURR/USDC,208,227136.29,0.06735088708366942,12.893795774038463,0.34615384615384615
Greed,RENDER,166,121178.25,0.03958424348205838,24.26428574698795,0.5240963855421686
Greed,RNDR,30,76446.74,0.03805114255850876,49.184,0.9666666666666667
Greed,RUNE,73,215632.0,-0.039248596543936816,-4.529566575342467,0.5205479452054794
Greed,SAND,8,4643.22,0.0041806615568529834,2.2102825,0.375
Greed,SEI,4,49.34,6.995873211166187e-05,0.0008625,0.25
Greed,SOL,499,7934333.11,0.077934919767648,328.15728086172345,0.6492985971943888
Greed,STRK,9,889.79,0.020441522428669066,0.9426351111111111,0.5555555555555556
Greed,STX,15,9742.2,0.007132858569978137,5.048741466666667,0.4666666666666667
Greed,SUI,106,77847.17,0.015395768661207771,6.568039235849057,0.3490566037735849
Greed,TAO,1,21.12,0.0032350378787878785,0.068324,1.0
Greed,TIA,25,31316.33,0.03192544739595924,46.348866480000005,0.52
Greed,TNSR,124,73203.51,0.021337828359588838,14.68214812096774,0.5161290322580645
Greed,TRUMP,34,21276.96,0.0,0.0,0.0
Greed,TRX,9,5521.74,0.08684384405777036,58.74362333333334,0.5555555555555556
Greed,TURBO,9,3800.09,0.005209694779175445,3.2250725555555553,0.3333333333333333
Greed,UNI,2,2121.78,0.003620446039093826,6.780842,0.5
Greed,USTC,1,499.97,0.0,0.0,0.0
Greed,USUAL,21,22969.71,0.2723038338838005,759.7911534285714,0.47619047619047616
Greed,VINE,77,49898.7,0.014942911470349879,21.469322337662337,0.24675324675324675
Greed,VIRTUAL,24,5339.92,0.0008241640430455381,0.41209999999999997,0.08333333333333333
Greed,W,48,13765.77,0.011385971127155434,3.4589361666666663,0.4166666666666667
Greed,WIF,106,188967.7,0.026192847133665695,41.49269826415094,0.5377358490566038
Greed,WLD,161,207700.38,0.0027065599627082598,15.906813975155279,0.34782608695652173
Greed,XRP,96,99879.15,0.0015268689273730352,0.1600381666666666,0.3125
Greed,ZETA,24,62494.59,0.03957333393126746,54.89228833333333,0.9583333333333334
Greed,ZK,4,584.49,0.013763800602208096,0.4114,0.25
Greed,ZRO,1,499.8,0.0,0.0,0.0
Greed,kBONK,199,994771.62,0.03416964143427838,83.05376987437187,0.9045226130653267
Greed,kPEPE,90,404604.33,0.02954654767734174,74.77778856666667,0.6666666666666666
Greed,kSHIB,3,2998.76,0.0,0.0,0.0
Neutral,@107,1079,1928137.42,0.027729237506800283,28.32857077571826,0.577386468952734
Neutral,@4,47,6374.91,0.041626543275632505,8.129954914893617,0.10638297872340426
Neutral,@48,1,0.68,0.0,0.0,0.0
Neutral,@51,15,510.68,0.0,0.0,0.0
Neutral,@8,31,6214.2,0.0,0.0,0.0
Neutral,AAVE,14,3101.24,0.004367199125195233,0.7811135714285715,0.14285714285714285
Neutral,ADA,4,332.03,0.11463035791681683,8.95989075,1.0
Neutral,AI16Z,17,845.15,0.08822190892588334,4.838948470588235,0.5882352941176471
Neutral,AIXBT,9,408.28,0.03141907928715679,1.0917712222222222,0.5555555555555556
Neutral,APE,10,72900.31999999999,0.02992514866013486,151.9484656,0.8
Neutral,ARB,17,100419.57,0.0010333257574505002,8.467388352941176,0.35294117647058826
Neutral,ATOM,4,279.71000000000004,0.12320315287588088,8.432756000000001,1.0
Neutral,AVAX,4,480.9,0.09520790208183244,4.994015,0.75
Neutral,BLAST,5,1404.93,0.07911856780246289,35.5535038,0.4
Neutral,BTC,227,4606310.84,0.001267693104564371,26.565798251101324,0.3039647577092511
Neutral,CANTO,8,20112.010000000002,-0.008936418016130616,-23.557016250000004,0.0
Neutral,CHILLGUY,1,110.68,0.0,0.0,0.0
Neutral,DOGE,3,1530.74,0.022623008833542763,8.947733333333334,0.6666666666666666
Neutral,DOT,2,95.5,0.2334408741664136,11.055354000000001,1.0
Neutral,DYM,10,6258.72,0.027241618320972733,24.124212,0.2
Neutral,EIGEN,20,14351.57,0.019931849251268813,6.981011499999999,0.3
Neutral,ENA,57,145800.54,0.005250223479766482,0.26762754385964915,0.07017543859649122
Neutral,ETH,305,3438098.88,0.001687320533088045,36.52811086885246,0.24262295081967214
Neutral,ETHFI,8,14988.66,0.0,0.0,0.0
Neutral,FARTCOIN,17,1995.27,0.030553416277578047,4.79187305882353,1.0
Neutral,FIL,5,19806.989999999998,-0.002115819657481103,-7.055718000000001,0.0
Neutral,FTM,4,26424.79,0.026195709634714334,113.38923750000001,0.75
Neutral,FTT,40,11150.48,0.030733694822064644,4.0331503,0.325
Neutral,FXS,13,39950.43,-0.00597073431695162,-23.556062153846156,0.0
Neutral,GRASS,22,25401.89,0.03398312215825199,20.055639045454544,0.9545454545454546
Neutral,HBAR,17,3916.3,0.07040529222955724,8.989764882352942,0.7058823529411765
Neutral,HPOS,17,15083.88,0.020744691188061718,24.468752764705883,0.35294117647058826
Neutral,HYPE,50,77272.89,0.01023273013344794,6.04195308,0.54
Neutral,IMX,3,143.41,0.19329079800045812,9.138071000000002,1.0
Neutral,INJ,2,109.89,0.1820136434631984,9.9871605,1.0
Neutral,IO,5,887.18,0.0,0.0,0.0
Neutral,LDO,4,289.86,0.10453535193399241,7.255204,1.0
Neutral,LINK,17,50444.240000000005,0.032752474914353506,2.7997005294117647,0.5882352941176471
Neutral,LTC,8,1573.44,0.07841386992552338,11.59064075,1.0
Neutral,MANTA,5,322.74,0.13789671289566344,9.736050800000001,1.0
Neutral,MATIC,12,99781.88,-0.002247033540939325,-22.504072416666663,0.0
Neutral,MOVE,1,524.23,0.0,0.0,0.0
Neutral,NTRN,26,96755.97,-0.0026425050736547497,-11.486743692307694,0.038461538461538464
Neutral,ONDO,1,219.55,0.010801184240491915,2.3714,1.0
Neutral,PENGU,47,8844.5,0.00016157528542656092,0.05983497872340425,0.06382978723404255
Neutral,PURR,122,59362.62,0.035853475725230975,10.17437800819672,0.8934426229508197
Neutral,PURR/USDC,44,11563.96,0.05658255461068697,21.367161636363637,0.7272727272727273
Neutral,RUNE,20,62330.89,-0.0007131333843868025,-3.2806303,0.2
Neutral,SOL,3,50488.17,0.0010096863227735031,25.32575,0.3333333333333333
Neutral,STRK,4,271.02,0.18162440138978142,12.23445825,1.0
Neutral,SUI,26,11091.76,0.011745770532207959,1.0311284615384615,0.19230769230769232
Neutral,SUSHI,16,5085.37,0.0745938736023594,19.1392078125,0.625
Neutral,TAO,22,82889.54000000001,0.053522203676515286,85.55166772727273,0.7727272727272727
Neutral,TIA,2,98.83,0.22657554192250445,11.077836000000001,1.0
Neutral,TURBO,12,19024.84,0.00787331833409802,10.90697425,0.5833333333333334
Neutral,VIRTUAL,13,2716.92,0.0007872329965117197,-0.5523530769230769,0.46153846153846156
Neutral,WIF,28,85532.8,0.05364163770452933,91.15532857142857,0.9285714285714286
Neutral,WLD,47,22387.82,0.000778843952185605,0.6643394680851064,0.3617021276595745
Neutral,XRP,25,17830.670000000002,0.020324139183489572,11.49433292,0.6
Neutral,ZEREBRO,2,181.19,0.22065474839975505,19.98317,1.0
Neutral,ZK,2,100.34,0.19639217312285057,9.974127,1.0
Neutral,kBONK,99,441341.51999999996,0.042162986603644,106.55998658585858,0.9191919191919192
Neutral,kPEPE,55,217284.98,0.03690668167433185,87.18766658181819,0.8545454545454545
Unknown,@1,31,3504.9,0.24596113331439892,17.012903,0.3870967741935484
Unknown,@10,1,0.05,0.0,0.0,0.0
Unknown,@100,4,42.67,0.5222687358240954,6.9067855,0.5
Unknown,@103,5,29.95,0.9621294828801256,5.7174226,0.6
Unknown,@107,23084,44306444.92,0.0426533241265511,57.80760538247271,0.43536648761046615
Unknown,@109,20,5670.66,0.6819091980823228,270.704207,0.7
Unknown,@112,7,759.63,0.2897266405625239,-7.444960571428571,0.2857142857142857
Unknown,@113,4,26.55,0.3243793650793651,0.35762825,0.25
Unknown,@114,2,1.32,0.991725,0.6545385,0.5
Unknown,@116,5,11.85,0.6497321029082773,0.3445898,0.4
Unknown,@117,4,14.77,0.3291889836531627,1.15792225,0.25
Unknown,@12,3,8.91,0.0,0.0,0.0
Unknown,@123,163,400024.33,0.0,0.0,0.0
Unknown,@124,8,1173.08,-0.165471034037488,-16.0754845,0.0
Unknown,@125,29,5731.41,0.03870496483672971,12.767743689655173,0.3103448275862069
Unknown,@135,1,15.56,-384.40642609254496,-5981.36399,0.0
Unknown,@138,4,109.53999999999999,0.4595312222050139,12.737671,1.0
Unknown,@142,1148,2196136.14,0.0023555384133530856,5.515984050522648,0.17857142857142858
Unknown,@147,5,612.5600000000001,-0.572093488428494,-70.1265388,0.0
Unknown,@15,2,1.11,0.0,0.0,0.0
Unknown,@151,324,574271.34,0.018551999350844006,35.75260113888889,0.9166666666666666
Unknown,@152,88,59831.5,1.0027722166794315e-05,0.006818159090909091,1.0
Unknown,@153,102,117912.92,0.0004126827310275159,0.34526536274509806,0.9901960784313726
Unknown,@16,1,0.04,0.0,0.0,0.0
Unknown,@17,1,0.0,,0.0,0.0
Unknown,@18,1,0.46,0.0,0.0,0.0
Unknown,@19,2,0.81,0.0,0.0,0.0
Unknown,@2,5,999.88,-0.0006059517612354678,-0.1815892,0.0
Unknown,@20,15,521.46,0.0,0.0,0.0
Unknown,@21,1,0.94,0.0,0.0,0.0
Unknown,@23,25,3699.13,0.0,0.0,0.0
Unknown,@24,3,2.71,-0.001468,-0.0009786666666666665,0.0
Unknown,@25,1,0.65,0.0,0.0,0.0
Unknown,@26,1,0.05,0.0,0.0,0.0
Unknown,@28,2,1.74,0.0,0.0,0.0
Unknown,@29,1,0.03,0.0,0.0,0.0
Unknown,@3,9,325.9,0.0,0.0,0.0
Unknown,@30,1,0.69,0.0,0.0,0.0
Unknown,@31,3,33.61,0.9881664088069029,11.070757666666667,0.3333333333333333
Unknown,@32,1,0.01,0.0,0.0,0.0
Unknown,@33,1,0.04,0.0,0.0,0.0
Unknown,@34,2,0.81,0.0,0.0,0.0
Unknown,@35,1,0.09,0.0,0.0,0.0
Unknown,@36,3,16.1,0.4867331572405221,5.221024333333333,0.3333333333333333
Unknown,@37,12,1840.0900000000001,0.20437574754180945,24.056846750000002,0.3333333333333333
Unknown,@38,6,504.54,0.0,0.0,0.0
Unknown,@4,494,41747.03,-0.010072142126678004,-1.0775755829959515,0.02631578947368421
Unknown,@40,7,396.36,-0.016077161851846444,-0.656948,0.14285714285714285
Unknown,@41,1,0.06,0.0,0.0,0.0
Unknown,@44,1,0.0,,0.0,0.0
Unknown,@46,1,0.53,0.0,0.0,0.0
Unknown,@51,184,15521.87,-0.008593710999617681,-1.595671445652174,0.0
Unknown,@53,4,69.77000000000001,0.9724334978746388,16.966176750000002,0.5
Unknown,@59,31,16860.22,0.09177936351591647,82.48727764516129,0.25806451612903225
Unknown,@6,1,0.03,0.0,0.0,0.0
Unknown,@61,1,0.62,0.0,0.0,0.0
Unknown,@63,1,50.04,0.0,0.0,0.0
Unknown,@68,1,10.09,0.0,0.0,0.0
Unknown,@7,1,0.03,0.0,0.0,0.0
Unknown,@74,5,69.54,0.7434934072448041,11.7974546,0.6
Unknown,@78,12,5045.28,0.0,0.0,0.0
Unknown,@8,149,19371.1,-3.9851325757528816e-05,-0.003943288590604027,0.0
Unknown,@83,36,1426.41,-1.5997063751037892,-30.212037638888887,0.0
Unknown,@85,66,21436.33,0.2546183695237885,144.53667037878787,0.3333333333333333
Unknown,@86,1,10.17,0.0,0.0,0.0
Unknown,@9,3,242.32,-0.21323462224649556,-19.521629666666666,0.0
Unknown,@93,2,16.33,0.9770236374770362,7.977398,0.5
Unknown,@95,2,120.78,-0.32229101160499235,-14.7190305,0.0
Unknown,AAVE,401,530853.54,0.009048871356360738,-4.239369865336659,0.3092269326683292
Unknown,ACE,22,61861.28,0.07819068659910891,120.08398681818181,0.9545454545454546
Unknown,ADA,453,866390.91,-0.01878033314284868,-72.08380284768212,0.1986754966887417
Unknown,AI,38,11122.66,0.021483874748788885,1.404139052631579,0.5789473684210527
Unknown,AI16Z,425,469320.94,0.018127491463840198,11.489971298823528,0.5270588235294118
Unknown,AIXBT,710,1056725.08,0.06323527368965046,101.11881533802817,0.5647887323943662
Unknown,ALGO,6,3645.7200000000003,0.026536530201689865,3.060586666666667,0.5
Unknown,ALT,236,442206.4,0.01691421264495361,23.898365016949153,0.6694915254237288
Unknown,ANIME,658,588104.95,0.025614652158708097,32.2892929650456,0.3252279635258359
Unknown,APE,550,429443.48,0.01042453717643684,9.862040256363636,0.32727272727272727
Unknown,APT,108,210864.06,0.004273223034225119,9.954536712962964,0.25
Unknown,AR,7,4940.99,0.02592568185987835,10.515839999999999,0.8571428571428571
Unknown,ARB,67,119004.9,0.047707769969304634,136.1922574925373,0.3582089552238806
Unknown,ARK,32,9835.23,-0.0087767323413014,0.032844000000000095,0.4375
Unknown,ATOM,58,5301.77,0.012136471937096839,0.8794137068965517,0.4482758620689655
Unknown,AVAX,155,317744.77,0.1753141180847076,311.16653732258067,0.5419354838709678
Unknown,BABY,3,3903.33,0.032541759393260476,32.909933333333335,0.6666666666666666
Unknown,BADGER,180,149468.44,0.0036345019869117442,7.873261888888889,0.3111111111111111
Unknown,BANANA,5,793.65,-0.06241271073739052,-9.12024,0.0
Unknown,BERA,1054,2056756.0,0.05973947333301149,69.91437057590133,0.5161290322580645
Unknown,BIGTIME,22,52144.26,0.011820745033519658,12.30990818181818,0.18181818181818182
Unknown,BIO,160,149195.51,0.03005135095630148,7.8900404875,0.775
Unknown,BLAST,7,1328.16,0.013409519569748006,2.328012285714286,0.5714285714285714
Unknown,BLUR,67,125149.06,0.02717669924813493,48.15973595522388,0.835820895522388
Unknown,BNB,138,402479.6,0.006333338937167757,2.1493272753623187,0.4057971014492754
Unknown,BNT,10,5828.41,-0.004037989560905848,-1.760528,0.2
Unknown,BOME,6,1097.4,0.011232242338769696,2.0413503333333334,0.3333333333333333
Unknown,BRETT,90,81617.16,0.036853310008437314,19.91767451111111,0.8555555555555555
Unknown,BTC,22902,602304649.87,0.00139251831718478,33.35504805479871,0.3583529822722906
Unknown,CAKE,54,38225.38,0.025101638980842743,15.98085327777778,0.3148148148148148
Unknown,CANTO,2,20.27,-0.002077151335311573,-0.021,0.0
Unknown,CHILLGUY,169,254516.11,0.03064228091778916,24.689915639053254,0.6035502958579881
Unknown,COMP,36,81432.55,0.033741833508947584,41.616019055555554,0.9444444444444444
Unknown,CRV,36,15221.05,0.0004963180493814898,-15.212466472222221,0.2777777777777778
Unknown,CYBER,1,500.09,0.0,0.0,0.0
Unknown,DOGE,545,1255648.59,0.03308624298240725,247.7658196440367,0.5247706422018349
Unknown,DOT,21,32658.61,0.027953570703607326,1.8622271428571426,0.5238095238095238
Unknown,DYDX,100,214598.17,0.004103516305354615,1.26838707,0.13
Unknown,DYM,5,3415.68,0.0034669519680677998,-50.035745399999996,0.6
Unknown,EIGEN,241,353466.29,0.0975730698141899,266.8835617344398,0.22821576763485477
Unknown,ENA,733,1051685.1300000001,0.03375163086457442,78.13250113915416,0.3015006821282401
Unknown,ETC,3,1261.62,0.03532605148909106,12.77496,0.3333333333333333
Unknown,ETH,6401,54241826.91,0.012130670442438724,198.3151068322137,0.4289954694578972
Unknown,ETHFI,243,626366.4299999999,0.04987427075714355,146.39453237860081,0.3786008230452675
Unknown,FARTCOIN,4238,7535782.09,-0.00967418022656533,-23.48981120929684,0.32326569136385086
Unknown,FET,40,99220.01,0.002415201596970446,1.6377375,0.375
Unknown,FTM,62,297009.25,0.017740588589226988,47.78434998387097,0.5806451612903226
Unknown,FTT,1123,273066.94,0.024154277674890094,5.013411581478183,0.346393588601959
Unknown,FXS,37,17719.72,0.00742476477410913,3.0842478378378377,0.35135135135135137
Unknown,GALA,34,18252.85,0.008793310785003382,5.415824235294117,0.35294117647058826
Unknown,GAS,2,739.53,0.08927988570081895,30.30695,0.5
Unknown,GMT,101,65054.28,0.007807933873323498,2.0548891188118814,0.44554455445544555
Unknown,GMX,54,87021.81999999999,0.013592576476637875,11.727572407407408,0.16666666666666666
Unknown,GOAT,31,19145.7,0.033485633121151506,10.503096322580644,0.6129032258064516
Unknown,GRASS,97,77965.55,0.026128828792463393,13.004478618556702,0.7010309278350515
Unknown,GRIFFAIN,459,492809.66000000003,0.017909444059213533,12.05691037472767,0.7124183006535948
Unknown,HBAR,123,29439.92,0.023667658533090302,2.2459095691056907,0.5447154471544715
Unknown,HPOS,53,30544.54,0.10232700893447702,28.721673924528304,0.660377358490566
Unknown,HYPE,60703,121932623.3,0.01044070265485188,23.334256765991796,0.4131591519364776
Unknown,HYPER,31,119127.13,0.016011236994028614,28.208829032258066,0.9354838709677419
Unknown,ILV,140,277893.42,0.022534085374772278,39.91552539285714,0.45714285714285713
Unknown,IMX,19,7291.31,0.01070747903535233,3.3747067368421053,0.47368421052631576
Unknown,INIT,31,49061.87,0.007370019311483645,11.758087096774194,0.4838709677419355
Unknown,INJ,99,316818.36,0.029972725827712945,55.75008983838384,0.696969696969697
Unknown,IO,68,33744.58,0.009712257785779539,0.24931483823529402,0.36764705882352944
Unknown,IOTA,7,12495.93,-0.00038293151166914454,-0.350692,0.0
Unknown,IP,430,434658.16000000003,0.011641528972911751,8.410304506976743,0.5930232558139535
Unknown,JELLY,918,1868105.47,0.037550697147748814,30.816613989106756,0.8082788671023965
Unknown,JTO,130,354833.38,0.020315386706529777,56.8121167,0.4461538461538462
Unknown,JUP,443,1256582.01,0.02182057180359979,90.94406049887134,0.417607223476298
Unknown,KAITO,431,890422.97,0.0026666336744918715,-20.26714840139211,0.24129930394431554
Unknown,LAYER,478,1060068.85,0.019212577699526792,42.87957133891213,0.13389121338912133
Unknown,LDO,68,22885.79,0.01773147677181066,3.4853202352941177,0.4411764705882353
Unknown,LINK,224,150128.05,0.02706387454789394,17.529080691964285,0.42410714285714285
Unknown,LISTA,2,1994.73,0.002245807080481947,2.23487,0.5
Unknown,LOOM,5,1715.72,0.08911697561851939,43.011410999999995,0.4
Unknown,LTC,154,339734.16000000003,0.026871048666511774,35.7916481948052,0.6298701298701299
Unknown,MANTA,60,13310.16,0.009018580197148473,3.513235266666667,0.4
Unknown,MATIC,11,70286.38,0.008953076947260153,72.32037709090909,0.18181818181818182
Unknown,MAVIA,298,345694.75,0.038171885358779196,27.709060553691273,0.7885906040268457
Unknown,ME,346,184655.19,0.0007820685429226753,-3.7624015086705205,0.18208092485549132
Unknown,MELANIA,4193,6740412.53,0.06445275857251352,88.37614923873122,0.46243739565943237
Unknown,MEME,50,99274.43,0.018605765739154217,27.36866808,0.58
Unknown,MEW,11,1083.28,0.033137935184687946,2.951098181818182,0.6363636363636364
Unknown,MINA,8,12246.55,0.02891912140416804,24.8380625,0.875
Unknown,MKR,95,31634.96,0.034993054118231,14.9082054,0.5263157894736842
Unknown,MNT,8,1340.22,-0.00815294421332029,-2.632147125,0.125
Unknown,MOODENG,14,3402.47,0.03336289683762757,6.351281,0.42857142857142855
Unknown,MORPHO,40,69483.86,0.018941036265151163,10.546775325,0.725
Unknown,MOVE,121,130454.33,0.03053146103598783,21.180946578512394,0.7520661157024794
Unknown,MYRO,2,441.52,0.005193379473636281,1.14057,0.5
Unknown,NEAR,149,356318.56,0.03320031507833659,45.18494506040268,0.912751677852349
Unknown,NEIROETH,1,187.77,0.18193309900410073,34.161578,1.0
Unknown,NIL,226,481868.22,-0.0057178741469533475,-14.049883340707964,0.0752212389380531
Unknown,NTRN,64,127458.58,0.024000387599665093,26.740135953124998,0.828125
Unknown,OGN,258,58247.64,0.06115283073070183,6.793288457364341,0.9961240310077519
Unknown,OM,43,13968.95,0.014405965703086573,-18.025216813953488,0.5813953488372093
Unknown,ONDO,1300,1488885.12,0.014677894500782508,15.919627043076924,0.48384615384615387
Unknown,OP,82,101755.95,0.061285293489025436,69.12613715853658,0.43902439024390244
Unknown,ORDI,13,5377.87,0.016424998697149622,4.547566769230769,0.6153846153846154
Unknown,PAXG,1265,3047336.39,-0.0042664602678646885,-14.773813698814228,0.16363636363636364
Unknown,PENDLE,875,435302.92,0.018193999941685173,3.948902401142857,0.44114285714285717
Unknown,PENGU,785,921180.95,0.007820356924809377,5.689745021656051,0.42420382165605097
Unknown,PEOPLE,1,499.92,0.0,0.0,0.0
Unknown,PIXEL,23,34839.78,0.01705194429316959,17.647591304347824,0.6956521739130435
Unknown,PNUT,566,836937.87,0.01332801909776394,11.131234772084806,0.7932862190812721
Unknown,POPCAT,1147,802269.71,-0.01948129667911198,-6.895102590235396,0.14821272885789014
Unknown,PROMPT,125,231701.51,0.009151810606896198,19.023809416,0.568
Unknown,PURR,836,656460.65,0.04385613100204048,23.899963805023923,0.6758373205741627
Unknown,PURR/USDC,2235,1285182.05,0.050412677779047635,27.626301683221477,0.3284116331096197
Unknown,PYTH,149,419640.75,0.005260451489135376,12.242411221476509,0.348993288590604
Unknown,RENDER,65,108048.83,0.016314994334144964,31.801190799999997,0.5230769230769231
Unknown,REQ,19,2277.65,0.003006315184377089,0.2603861052631579,0.6842105263157895
Unknown,REZ,28,12262.95,0.02385258953361764,5.824474285714286,0.5
Unknown,RLB,4,1914.8,0.04105657422861826,18.986934,0.5
Unknown,RNDR,110,524176.98,0.03193752931662054,109.14115352727273,0.8727272727272727
Unknown,RSR,6,354.61,0.019965954911864054,0.8839186666666666,0.5
Unknown,RUNE,198,356798.24,0.023673415600578836,31.21662281818182,0.6111111111111112
Unknown,S,28,54557.9,-0.00018775324017527382,-0.07874421428571429,0.0
Unknown,SAND,180,83431.79,0.013780137002820284,12.092797627777777,0.31666666666666665
Unknown,SCR,32,49793.18,0.03990675002996471,50.40548,0.65625
Unknown,SEI,231,1266225.66,0.009234799385239675,43.10724682251082,0.6320346320346321
Unknown,SHIA,5,1279.06,0.21130793728506442,54.7137286,0.6
Unknown,SOL,8971,104412701.13,0.005821638409906747,72.22666308572066,0.3774384126630253
Unknown,SPX,76,211475.03,0.042468745071176706,46.78448896052632,0.75
Unknown,STG,7,10728.33,0.021894217605853465,25.649108571428574,0.7142857142857143
Unknown,STRK,20,80536.13,-0.016815486298279506,-79.82087185,0.15
Unknown,STX,113,164132.81,0.010339177628665699,13.346503274336284,0.40707964601769914
Unknown,SUI,1672,7363621.06,0.023186520333355227,117.63759040011962,0.45454545454545453
Unknown,SUPER,7,1072.01,0.02917301314994198,5.028271714285714,0.5714285714285714
Unknown,SUSHI,35,19266.65,-0.0008690433276948116,3.4352025999999993,0.37142857142857144
Unknown,TAO,981,1403719.88,0.007091822316079962,10.509320772680939,0.5433231396534148
Unknown,TIA,261,652225.76,0.01703893111030669,45.20413017624521,0.40229885057471265
Unknown,TNSR,303,201484.66999999998,0.01005790382530373,8.02935701320132,0.3432343234323432
Unknown,TON,30,53812.28,-0.004017494703187341,-0.6032903333333334,0.13333333333333333
Unknown,TRUMP,1884,7327408.0,-0.017218353807243153,-193.6457274304671,0.35562632696390656
Unknown,TST,165,490758.53,0.017426483330787536,20.351481024242425,0.5575757575757576
Unknown,TURBO,25,40644.22,0.04288853013353045,35.50495328,0.96
Unknown,UNI,53,39207.42,0.007873675303044305,6.153202603773586,0.24528301886792453
Unknown,UNIBOT,4,2333.2599999999998,0.12395701262658437,81.26394225,0.5
Unknown,USTC,49,10348.37,0.014036795616623942,7.075370816326531,0.4489795918367347
Unknown,USUAL,514,865348.79,0.0126416674986239,17.249188649805447,0.5700389105058365
Unknown,VINE,630,517288.75,0.00697077247058466,5.012854707936508,0.4380952380952381
Unknown,VIRTUAL,525,1352108.8800000001,0.026616697521754686,37.00915892,0.5771428571428572
Unknown,VVV,43,93088.77,0.011926905527146491,15.232580046511629,0.6511627906976745
Unknown,W,242,136184.37,0.006144838557894552,4.531591289256198,0.35537190082644626
Unknown,WCT,47,58468.89,0.02982585688334674,32.589900425531916,0.5531914893617021
Unknown,WIF,75,100599.26,-0.027258472631312695,-23.809495546666668,0.3466666666666667
Unknown,WLD,1569,2110749.87,-0.000501263964893146,7.157592037603569,0.3435309114085405
Unknown,XRP,1472,5035485.9,0.002589121171616358,1.335089446331521,0.296875
Unknown,YGG,18,4798.87,0.02451522742989847,4.610394666666667,0.4444444444444444
Unknown,ZEN,30,38169.05,-0.019717444705737643,-49.17969023333333,0.26666666666666666
Unknown,ZEREBRO,709,1238926.3,0.02621070736867804,29.121053994358252,0.7926657263751763
Unknown,ZETA,215,250942.56,0.023563096631840818,15.437442144186047,0.9488372093023256
Unknown,ZK,30,1494.53,0.03106158631677809,1.5852687,0.5
Unknown,ZORA,152,340924.26,0.024908911749688616,44.84547914473684,0.6381578947368421
Unknown,ZRO,1237,1213103.67,0.06693215455988517,148.5673271535974,0.36782538399353276
Unknown,kBONK,1270,1408184.43,-0.008609145011927381,4.623166213385827,0.23543307086614174
Unknown,kFLOKI,35,37380.89,0.0436606232438612,45.92674642857143,0.5714285714285714
Unknown,kNEIRO,5,882.27,0.012737661248652683,1.0638874,0.4
Unknown,kPEPE,1417,1288098.78,-0.007508536807589659,2.9953587995765703,0.2145377558221595
Unknown,kSHIB,22,66458.25,0.024279666648134544,14.498279363636362,0.36363636363636365
